,PC1,PC2,PC3,PC4,PC5,PC6,PC7,PC8,PC9,PC10,Global_Importance
"flux__cwt_coefficients__coeff_4__w_2__widths_(2, 5, 10, 20)",0.04070213,-0.06068342,0.02764644,-0.06436606,-0.10230882,0.10886868,0.22301833,0.07067229,-0.052592307,0.038360983,0.07892194
"flux__cwt_coefficients__coeff_2__w_5__widths_(2, 5, 10, 20)",0.04373943,-0.06995948,0.03409594,-0.07593313,-0.07633873,0.08630562,0.24160229,0.045522906,-0.05916717,0.034254275,0.076691896
"flux__cwt_coefficients__coeff_7__w_5__widths_(2, 5, 10, 20)",0.039813824,-0.08605933,0.027913554,-0.04957206,-0.105002284,0.098216414,0.21130204,0.07067684,-0.036585607,0.035945185,0.07610872
flux__cid_ce__normalize_True,0.049092613,-0.054773685,0.08918751,-0.0172163,0.1432245,0.118485115,-0.07636472,0.05704054,0.009208694,0.124864936,0.07394586
"flux__cwt_coefficients__coeff_6__w_10__widths_(2, 5, 10, 20)",0.043155655,-0.08911889,0.02707205,-0.04861292,-0.08880106,0.079868995,0.2141018,0.07670264,-0.044744987,0.019426756,0.073160574
"flux__agg_autocorrelation__f_agg_""median""__maxlag_40",-0.008982046,0.08955764,0.054014854,-0.013303166,-0.14633341,-0.12819701,0.085968964,-0.09738092,-0.013179982,-0.09017878,0.07270968
"flux__agg_linear_trend__attr_""slope""__chunk_len_50__f_agg_""mean""",-0.014906542,0.015247267,-0.0017569948,-0.004826732,0.19182943,-0.15711433,0.14103623,0.14325617,0.017740749,-0.022461616,0.0710176
flux__autocorrelation__lag_1,-0.045302436,0.036405526,-0.10103464,-0.003285196,-0.13340995,-0.1085326,0.070358954,-0.054228716,-0.008600974,-0.128053,0.06892119
"flux__cwt_coefficients__coeff_5__w_2__widths_(2, 5, 10, 20)",0.024150202,-0.048127465,0.023181256,-0.049007423,-0.1187685,0.1177579,0.16467929,0.062670134,-0.011600419,0.06880713,0.06887497
flux__autocorrelation__lag_5,-0.021870367,0.09322305,-0.020924864,0.004640426,-0.1632901,-0.13221957,0.05455926,-0.02783457,-0.045090377,-0.12104295,0.068469554
"flux__change_quantiles__f_agg_""var""__isabs_False__qh_1.0__ql_0.4",-0.026294112,0.033013172,0.041329656,-0.056186825,-0.0190706,-0.075893,-0.008781789,0.16816339,0.05446015,0.18738039,0.067057304
"flux__agg_linear_trend__attr_""slope""__chunk_len_10__f_agg_""min""",-0.015503966,0.01035569,-0.0032584886,-0.0026990492,0.19697084,-0.15354928,0.1252248,0.11758917,-0.0034647535,-0.035897065,0.06645132
"flux__cwt_coefficients__coeff_2__w_2__widths_(2, 5, 10, 20)",0.045116965,-0.069993585,0.02885689,-0.06416848,-0.054064848,0.059134237,0.22309348,0.04721337,-0.06204177,0.008143358,0.066182695
flux__autocorrelation__lag_9,-0.01392826,0.09629046,0.014217355,-0.008625604,-0.15160164,-0.12581992,0.06567076,-0.063028306,-0.021154026,-0.10016961,0.0660506
"flux__agg_linear_trend__attr_""slope""__chunk_len_10__f_agg_""max""",-0.009154696,0.019075386,0.0004049003,-0.011035247,0.15218739,-0.13401024,0.13098866,0.1628119,0.036694944,0.0036797265,0.06600431
"flux__change_quantiles__f_agg_""mean""__isabs_True__qh_1.0__ql_0.4",-0.04927873,0.071786374,0.06623052,-0.04628691,-0.05627974,-0.05797489,-0.030350927,0.13154401,0.014792821,0.13405715,0.0658582
"flux__change_quantiles__f_agg_""var""__isabs_False__qh_1.0__ql_0.2",-0.02808904,0.04090051,0.042806048,-0.056257825,-0.019333873,-0.06365132,-0.008444405,0.1626247,0.045731157,0.18925962,0.065709844
flux__autocorrelation__lag_6,-0.019632734,0.09449694,-0.012935755,-0.00040705837,-0.15838702,-0.12842248,0.05761193,-0.031666536,-0.029101681,-0.12350742,0.06561696
flux__absolute_sum_of_changes,-0.07132517,0.056497153,0.07285439,-0.07778389,-0.035303026,-0.014946228,-0.06282662,0.11596622,-0.05136429,0.09096699,0.0649834
"flux__change_quantiles__f_agg_""var""__isabs_False__qh_1.0__ql_0.6",-0.021262825,0.024305942,0.037145942,-0.051302984,-0.018983753,-0.07946123,-0.0092819445,0.16876335,0.056246284,0.18219556,0.06489498
"flux__fft_coefficient__attr_""imag""__coeff_1",-0.014328086,0.014292972,-0.0016875081,-0.004279994,0.14981493,-0.12090564,0.13990432,0.16332723,0.030006241,-0.007993277,0.064654015
"flux__cwt_coefficients__coeff_10__w_20__widths_(2, 5, 10, 20)",0.042281408,-0.098690644,0.020074585,-0.024741536,-0.07530861,0.048953217,0.1821224,0.09743919,-0.048617367,0.0036997558,0.06419287
flux__autocorrelation__lag_8,-0.015664008,0.09726926,0.009369418,-0.0065706107,-0.15382259,-0.12665872,0.060467727,-0.048959598,-0.015761895,-0.10211483,0.06366587
flux__autocorrelation__lag_7,-0.017435988,0.09622936,0.00079528854,-0.005631638,-0.15782379,-0.1310555,0.05944568,-0.03684306,-0.013193945,-0.112008914,0.06304632
flux__number_crossing_m__m_1,0.024747303,-0.0091124475,0.1595754,0.07643915,0.09819235,0.126385,-0.02822872,0.078700766,-0.00065690075,0.015806438,0.061784454
"flux__change_quantiles__f_agg_""mean""__isabs_True__qh_1.0__ql_0.8",-0.044862017,0.06540106,0.05238027,-0.036633994,-0.04628443,-0.06933519,-0.017180149,0.12242435,0.032948837,0.1271027,0.0614553
"flux__cwt_coefficients__coeff_0__w_5__widths_(2, 5, 10, 20)",0.037243657,-0.041446738,0.03286869,-0.08386652,-0.034470417,0.05992319,0.22048552,0.008885416,-0.06373873,0.027780738,0.06107096
"flux__agg_linear_trend__attr_""intercept""__chunk_len_5__f_agg_""max""",0.027813196,-0.12289119,0.05025995,-0.013795996,-0.14820214,-0.008383604,-0.11881664,0.04315901,-0.040054336,0.030718366,0.060409445
"flux__fft_coefficient__attr_""abs""__coeff_94",-0.073015906,-0.0073508336,0.060648885,-0.11045609,-0.00198109,0.025149675,-0.0654055,0.052024655,-0.14962812,-0.053608056,0.05992688
"flux__fft_coefficient__attr_""abs""__coeff_95",-0.076805346,-0.008561299,0.059207387,-0.11013335,-0.00022803847,0.026936144,-0.062688485,0.04895528,-0.13927448,-0.061540198,0.059433002
"flux__fft_coefficient__attr_""real""__coeff_11",-0.07932572,0.049580295,-0.033145025,0.07376194,-0.03432818,0.072260804,0.053785674,0.1104716,-0.048805147,-0.03660654,0.059207093
"flux__fft_coefficient__attr_""abs""__coeff_96",-0.07470526,-0.009123704,0.05563472,-0.10236799,-0.0010181334,0.031802095,-0.06058191,0.044861127,-0.13574265,-0.074011505,0.058984913
"flux__fft_coefficient__attr_""abs""__coeff_91",-0.07741227,-0.012027525,0.064963594,-0.11438808,0.0019163312,0.014214161,-0.071182504,0.05159594,-0.13792524,-0.043336537,0.058896206
flux__binned_entropy__max_bins_10,0.044761445,0.04786639,0.18300687,0.060335442,-0.050489075,-0.08580153,0.002281601,-0.041243687,-0.009949913,0.061113387,0.058684934
flux__mean_n_absolute_max__number_of_maxima_7,-0.05931621,0.09043348,0.03160796,-0.03343819,-0.047589928,-0.086651504,-0.009382507,0.04996864,0.05458838,0.11580418,0.0578781
"flux__fft_coefficient__attr_""abs""__coeff_90",-0.0786682,-0.017332362,0.06325143,-0.11078369,-0.00039763429,0.01781233,-0.05744678,0.04613362,-0.13435112,-0.049907096,0.057608426
"flux__fft_coefficient__attr_""abs""__coeff_93",-0.06923996,-0.009481141,0.059939682,-0.10730334,-0.0023594946,0.014850903,-0.07298298,0.053110864,-0.14279288,-0.043845482,0.05759067
flux__permutation_entropy__dimension_7__tau_1,-0.0062395507,0.020538587,0.19004646,0.12300638,0.016654804,0.056058615,0.030015465,0.0016777322,0.015018894,-0.11629852,0.057555497
flux__value_count__value_1,0.010176909,-0.03404078,-0.17773671,-0.13185517,-0.0022472346,-0.03966559,-0.039395776,0.008135694,-0.022067145,0.10939813,0.05747192
flux__number_peaks__n_5,0.008090418,-0.003035351,0.1773251,0.1145716,0.045159426,0.08580966,0.014599521,0.02731976,0.022395806,-0.073148854,0.057145555
flux__ratio_beyond_r_sigma__r_1.5,0.046843827,0.04146465,0.12651445,0.028997386,-0.033285756,-0.0808719,-0.011149953,-0.05024586,-0.02864178,0.11592188,0.056393743
flux__spkt_welch_density__coeff_2,-0.04459981,0.14425854,-0.011912503,-0.029127946,0.059568148,0.103978135,0.047420356,-0.073932,0.0087730875,0.03925928,0.05628298
"flux__fft_coefficient__attr_""abs""__coeff_89",-0.07848595,-0.015509474,0.062316503,-0.10983292,-0.00085500383,0.009262151,-0.069204584,0.053071164,-0.111534685,-0.052397694,0.056247007
"flux__fft_coefficient__attr_""real""__coeff_13",-0.07859276,0.010078924,-0.039247014,0.105433196,-0.05184355,0.051597334,0.045391142,0.112462215,-0.049115773,-0.0186128,0.05623747
"flux__fft_coefficient__attr_""real""__coeff_1",-0.055126276,0.13679373,-5.153041e-05,-0.05193241,0.036587987,0.08762215,0.118275546,-0.039846554,-0.009527057,0.02497163,0.056073487
"flux__change_quantiles__f_agg_""var""__isabs_False__qh_1.0__ql_0.8",-0.0136757335,0.018157322,0.026262889,-0.038043637,-0.00387958,-0.08040092,0.0059986175,0.15567659,0.060656063,0.15710002,0.055985134
flux__number_peaks__n_10,0.016922899,-0.01262361,0.16683808,0.11513741,0.06505622,0.09451503,0.007914176,0.031969104,0.0052073556,-0.04349446,0.055967838
flux__index_mass_quantile__q_0.3,0.042859133,-0.11912059,-0.008225085,0.038212698,0.033135213,-0.14304279,-0.03540101,0.110564426,0.0050997515,-0.02213026,0.0557791
"flux__change_quantiles__f_agg_""mean""__isabs_True__qh_0.4__ql_0.0",-0.07724086,0.049215384,0.043818936,-0.05777209,-0.022284271,0.021646207,-0.06164954,0.08939015,-0.092002295,0.041775092,0.05567948
"flux__fft_coefficient__attr_""real""__coeff_9",-0.07539276,0.08916788,-0.028142208,0.03966885,-0.017816132,0.08872046,0.06380772,0.08135596,-0.040709566,-0.02816079,0.055294238
flux__number_peaks__n_3,0.0017272914,0.010542772,0.18100141,0.11556137,0.032512076,0.068432614,0.015853396,0.03253083,0.004338368,-0.09027161,0.055277176
flux__number_cwt_peaks__n_5,0.006621647,0.012221196,0.1706813,0.09930611,0.04158969,0.06630583,0.0225903,-0.012774132,0.02514089,-0.09458055,0.055181164
flux__ar_coefficient__coeff_1__k_10,-0.06455011,-0.02886589,-0.11177833,0.03942066,-0.052800924,-0.03857851,0.06132983,-0.045509595,0.020975573,-0.08712136,0.05509308
flux__energy_ratio_by_chunks__num_segments_10__segment_focus_2,-0.051673938,0.14011449,-0.008095657,-0.026135966,-0.01624912,0.09299994,-0.033595353,-0.12343306,0.021410858,0.03490241,0.054861076
"flux__cwt_coefficients__coeff_14__w_5__widths_(2, 5, 10, 20)",-0.015150017,0.0044102976,-0.028063718,0.07511455,0.051781956,-0.08599951,-0.15011133,0.03298934,0.030904233,-0.070433624,0.05449586
flux__index_mass_quantile__q_0.4,0.049852807,-0.13009435,-0.0009023221,0.033644732,0.029523812,-0.14413658,-0.0065671518,0.11637674,0.00200918,-0.03080744,0.05439151
flux__ratio_beyond_r_sigma__r_1,0.050981775,0.025658825,0.17365311,0.057995643,-0.035028473,-0.07026743,-0.004310951,-0.0412471,-0.0106912665,0.07351007,0.05433446
"flux__fft_coefficient__attr_""abs""__coeff_12",-0.08144427,0.054013193,-0.04950761,0.11701022,-0.0052504395,-0.009381223,-0.09636945,0.08800003,-0.00097281736,-0.039494175,0.05414434
flux__fourier_entropy__bins_10,0.0054727406,-0.070189655,-0.033835627,-0.009966595,0.15386304,0.16225974,-0.034035258,0.0190778,0.04977602,0.002549003,0.05410255
flux__number_peaks__n_1,-0.003629731,0.021336766,0.18182059,0.12092116,0.011187772,0.055218097,0.020898333,0.024020275,0.003577302,-0.096221074,0.053883113
flux__ratio_beyond_r_sigma__r_10,-0.02227713,-0.06630731,-0.06721162,-0.042238537,0.06729264,0.08670056,0.017971134,-0.01748001,0.057757806,-0.0924878,0.05377245
flux__quantile__q_0.1,0.047133204,-0.15002112,-0.0029081574,0.043213252,-0.032633364,-0.035392135,-0.031365383,0.10028685,-0.045225065,-0.049348954,0.05375275
flux__fourier_entropy__bins_3,-0.011675847,-0.06892803,-0.057673734,-0.012006986,0.12812658,0.14452817,-0.020001708,0.014672077,0.049723063,-0.026666233,0.05340024
flux__energy_ratio_by_chunks__num_segments_10__segment_focus_3,-0.05510256,0.1212021,-0.012073818,-0.0036546106,-0.029317368,0.08993202,-0.07747104,-0.1070671,0.007474094,0.030630656,0.053392537
flux__index_mass_quantile__q_0.7,-0.05094937,0.12174151,0.008602907,-0.037840936,0.10708666,0.018506177,0.14765841,0.01999512,0.012562074,-0.008782628,0.05337258
flux__range_count__max_1__min_-1,-0.007512138,0.028538883,0.17208607,0.12372088,0.00083833403,0.032833524,0.037767798,-0.0062517896,0.021591276,-0.10209346,0.05332341
"flux__fft_coefficient__attr_""abs""__coeff_14",-0.08442966,0.024192793,-0.048709404,0.12901026,-0.0034203574,-0.02706458,-0.08489831,0.09519084,0.00020223169,-0.03399128,0.05311097
flux__index_mass_quantile__q_0.8,-0.038950946,0.087593175,0.011349083,-0.035564817,0.09275315,0.015821448,0.17104053,0.037476905,-0.004793441,-0.035562444,0.05309059
"flux__fft_coefficient__attr_""abs""__coeff_97",-0.06883178,-0.0053147967,0.051531278,-0.093563415,-3.5219302e-05,0.016887875,-0.074761644,0.04077894,-0.11498436,-0.06324462,0.052993394
"flux__change_quantiles__f_agg_""var""__isabs_False__qh_0.6__ql_0.0",-0.04997243,0.015863698,0.05166555,-0.099459715,0.0040334337,0.026556693,-0.077269904,0.061836477,-0.11501371,0.027137188,0.052880876
"flux__fft_coefficient__attr_""abs""__coeff_88",-0.085840315,-0.022320284,0.058211226,-0.10054377,0.0042321957,0.010533891,-0.05931831,0.032722376,-0.08840846,-0.06524727,0.05273781
flux__kurtosis,-0.021550855,-0.058964312,-0.087734066,-0.046226762,0.06947824,0.096781194,0.0015518252,0.010499739,0.048106927,-0.085836716,0.052673064
flux__quantile__q_0.9,-0.055930633,0.10790368,0.029474521,-0.02360334,-0.042193007,-0.077972755,-0.004207928,0.028264586,0.054791108,0.1007636,0.05251052
"flux__fft_coefficient__attr_""real""__coeff_3",-0.06382413,0.1340951,-0.006025316,-0.03221375,0.019374192,0.10151511,0.10215507,-0.025318455,-0.018129045,0.021783065,0.052443318
"flux__fft_coefficient__attr_""abs""__coeff_98",-0.06798969,-0.0050209425,0.04670723,-0.09177456,-0.0024912301,0.02903784,-0.055849563,0.03874725,-0.11470073,-0.071360655,0.052367967
flux__energy_ratio_by_chunks__num_segments_10__segment_focus_9,-0.0103701465,0.015684556,0.013013946,-0.04859026,0.056769952,0.014582699,0.23156528,0.052771628,-0.062078763,-0.01760825,0.052303545
flux__number_cwt_peaks__n_1,0.002631692,0.024623597,0.1713712,0.106428124,0.027045013,0.06106739,0.025161333,-0.0010699484,0.011171043,-0.08894699,0.051951636
"flux__fft_coefficient__attr_""abs""__coeff_45",-0.08354373,-0.059020963,0.013738497,0.019996874,0.018183507,-0.017496536,0.032083947,-0.09790798,-0.09318752,0.08302101,0.051818054
flux__absolute_maximum,-0.053491917,0.07294157,0.031472635,-0.031041367,-0.0376213,-0.07019075,-0.010283037,0.052704256,0.053565405,0.10357201,0.05168842
"flux__fft_coefficient__attr_""imag""__coeff_12",0.026015168,-0.0077226097,0.027038699,-0.06930873,0.11913815,-0.09753751,0.012106301,-0.08648311,-0.04350736,-0.027322464,0.05161801
flux__energy_ratio_by_chunks__num_segments_10__segment_focus_1,-0.04756282,0.13506486,-0.0030598259,-0.040900398,-0.0055781715,0.092655815,-0.0287231,-0.13167746,0.014934761,0.015657926,0.051581513
"flux__fft_coefficient__attr_""abs""__coeff_11",-0.08814641,0.050525248,-0.037859682,0.08384304,-0.025096143,0.044622634,0.021279924,0.099638075,-0.035652228,-0.026350673,0.0513014
"flux__fft_coefficient__attr_""abs""__coeff_87",-0.08608297,-0.028917594,0.058755968,-0.098929666,-0.0041957377,0.008032478,-0.04924841,0.035322763,-0.068322845,-0.07462138,0.051242985
"flux__fft_coefficient__attr_""abs""__coeff_86",-0.08541405,-0.030571671,0.05666335,-0.094857596,-0.0040954407,0.011913669,-0.047133908,0.037878115,-0.059179675,-0.08404271,0.051175017
flux__longest_strike_above_mean,-0.049337342,0.019438565,-0.102506205,-0.023751207,-0.085467055,-0.06264992,0.039236154,-0.022046456,-0.017531293,-0.087335445,0.050929964
"flux__fft_coefficient__attr_""abs""__coeff_16",-0.084526606,0.010968826,-0.049362782,0.13429573,-0.0036386224,-0.030599141,-0.08777359,0.07891216,0.004182417,-0.024191065,0.050845098
flux__index_mass_quantile__q_0.6,-0.056633368,0.13431059,0.0038030248,-0.03444835,0.10550631,0.022632835,0.12169359,0.012923703,0.015143031,0.0012510283,0.050834585
"flux__linear_trend__attr_""rvalue""",-0.004813281,0.003791752,-0.0029351318,-0.0019190122,0.1216348,-0.0978539,0.10198359,0.12171404,0.012545604,-0.038067844,0.0507259
"flux__agg_linear_trend__attr_""stderr""__chunk_len_10__f_agg_""max""",-0.050507624,0.16477108,-0.018675705,-0.009498882,0.029677967,0.051409665,0.039907433,-0.06653969,0.037497565,0.037067052,0.050555266
flux__number_peaks__n_50,0.021267919,-0.013956038,0.13374756,0.087954745,0.083601184,0.0991689,-0.0070128655,0.013974755,0.020636905,-0.022579718,0.050390057
"flux__fft_coefficient__attr_""abs""__coeff_43",-0.09269555,-0.06721949,0.009240549,0.032815356,0.014590763,-0.014523282,0.037511244,-0.089138895,-0.07599312,0.0687261,0.050245434
"flux__fft_aggregated__aggtype_""variance""",-0.080896325,0.021332167,0.065007575,-0.099240616,-0.024920808,-0.0032911852,-0.06287078,0.09116464,-0.04741332,-0.004229139,0.050036658
"flux__fft_coefficient__attr_""abs""__coeff_47",-0.08764109,-0.06086862,0.02052229,0.005563074,0.018296206,-0.019461263,0.02688658,-0.09600405,-0.084598556,0.07884847,0.049869023
"flux__fft_coefficient__attr_""abs""__coeff_10",-0.08518551,0.08403628,-0.04298949,0.08858439,0.0012538759,0.017637983,-0.08521859,0.054266963,0.004662925,-0.03351879,0.049735483
"flux__fft_coefficient__attr_""abs""__coeff_67",-0.08953558,-0.04998531,0.041645575,-0.05451999,-0.0072576012,-0.009535891,0.014841533,-0.02467854,0.17008728,-0.03485775,0.0496945
flux__ratio_beyond_r_sigma__r_0.5,0.046291977,0.037475374,0.19109981,0.068049185,-0.016204065,-0.04485104,0.004481171,-0.040219154,0.010801996,0.035739284,0.049521305
"flux__fft_coefficient__attr_""abs""__coeff_66",-0.07706102,-0.03977401,0.040174037,-0.058283675,-0.013775758,-0.004534865,0.0074024484,-0.020302942,0.21522689,-0.016040493,0.049257614
"flux__fft_coefficient__attr_""abs""__coeff_64",-0.08455025,-0.05003816,0.036713015,-0.04831518,-0.0135818785,-0.0002636374,0.007879601,-0.031862084,0.1922559,-0.01995676,0.048541646
flux__ratio_beyond_r_sigma__r_7,-0.037266813,-0.07492234,-0.11606332,-0.0116426665,0.040343087,0.06612245,0.024858387,0.021307966,0.026671726,-0.064552635,0.048375137
flux__large_standard_deviation__r_0.1,-0.001936664,0.06423202,0.12541342,0.07165453,-0.080286585,-0.079494536,0.009358602,-0.0024151956,-0.03655097,0.012371069,0.048371363
"flux__augmented_dickey_fuller__attr_""teststat""__autolag_""AIC""",-0.01643425,0.041444983,0.015438162,0.0059270314,-0.13465682,-0.13506255,0.037309308,-0.022044748,-0.03757806,-0.035420563,0.04813165
"flux__fft_coefficient__attr_""abs""__coeff_49",-0.083708785,-0.055613924,0.021973833,-0.002553797,0.01589914,-0.021281188,0.029447187,-0.090885416,-0.06441481,0.09390077,0.047967885
flux__spkt_welch_density__coeff_8,-0.06994026,0.010870842,-0.048085753,0.14493717,-0.013083766,-0.002012383,-0.057544358,0.11187271,-0.008949882,0.012318627,0.047961574
"flux__fft_coefficient__attr_""abs""__coeff_65",-0.08779249,-0.049652953,0.040923994,-0.052265108,-0.0072249947,-0.014047954,0.010773858,-0.020105531,0.18686281,-0.009516029,0.047916576
"flux__fft_coefficient__attr_""abs""__coeff_69",-0.091272384,-0.049495548,0.04280995,-0.05693034,-0.006404326,-0.0074128867,0.013305955,-0.017792622,0.1484746,-0.04457173,0.047847036
flux__sum_of_reoccurring_values,0.03210698,-0.022093479,0.088738605,0.057520628,0.10510035,0.114679895,-0.007803858,-0.0021780063,0.022794453,-0.025340902,0.04783572
"flux__fft_coefficient__attr_""abs""__coeff_9",-0.08281768,0.092273876,-0.032884993,0.05066261,-0.009771614,0.0638685,0.025818655,0.068778664,-0.030407479,-0.020334143,0.04776182
"flux__fft_coefficient__attr_""abs""__coeff_70",-0.087988816,-0.046889305,0.045127705,-0.065383665,-0.015091006,-0.0045118346,-0.00034500312,-0.005582846,0.15294732,-0.050814763,0.047468223
flux__energy_ratio_by_chunks__num_segments_10__segment_focus_7,-0.05914925,0.14177172,-0.0063670697,-0.03139374,0.07957352,0.008147841,0.058895532,-0.012882169,0.042120997,0.03396282,0.047426466
flux__spkt_welch_density__coeff_5,-0.061359406,0.10153506,-0.032454632,0.055648517,0.015652334,0.07721281,-0.03155305,0.06292657,-0.023962272,-0.011104784,0.04734094
"flux__fft_coefficient__attr_""real""__coeff_5",-0.06748831,0.13024564,-0.012184309,-0.017754616,0.013105719,0.1059161,0.091022365,-0.010100586,-0.019537754,0.005802928,0.047315832
"flux__agg_linear_trend__attr_""slope""__chunk_len_50__f_agg_""min""",-0.013509797,0.0007473869,-0.00020632257,-0.0043666405,0.16005449,-0.12818794,0.061856262,0.04370407,-0.01886957,-0.04044763,0.04719501
"flux__fft_coefficient__attr_""abs""__coeff_46",-0.0899115,-0.061139893,0.016071536,0.013656579,0.014283061,-0.013370011,0.02972441,-0.08574918,-0.08188297,0.065834634,0.047162376
"flux__fft_coefficient__attr_""abs""__coeff_2",-0.06591029,0.15522288,-0.009130886,-0.024504632,0.031360302,0.054811217,0.0024213577,-0.07065287,0.025420133,0.03153918,0.04709737
"flux__fft_coefficient__attr_""abs""__coeff_42",-0.09374206,-0.06509115,0.0075285854,0.036904886,0.011647542,-0.018285677,0.032275878,-0.07135214,-0.07203962,0.061633106,0.047050066
"flux__agg_linear_trend__attr_""intercept""__chunk_len_5__f_agg_""var""",-0.07079212,0.00440236,0.053504467,-0.090368055,0.02299274,0.0050885505,-0.06412122,0.029993994,-0.082219936,0.04692982,0.047041327
"flux__agg_linear_trend__attr_""rvalue""__chunk_len_10__f_agg_""mean""",-0.0045686346,0.0029564141,-0.00095542526,-0.0016024036,0.109253064,-0.09258561,0.095381044,0.113362245,0.010919982,-0.03793611,0.046952095
"flux__fft_coefficient__attr_""imag""__coeff_16",0.014070055,0.0035703562,0.023996307,-0.050250776,0.11236026,-0.10122914,-0.0047843787,-0.085957386,-0.0639279,0.008972118,0.046911865
"flux__agg_linear_trend__attr_""intercept""__chunk_len_50__f_agg_""var""",-0.07057325,0.1265485,-0.011267473,-0.0046608145,0.0741301,0.062449574,-0.026878353,-0.041739963,-0.012856706,0.03713663,0.046824135
"flux__fft_coefficient__attr_""abs""__coeff_62",-0.07903062,-0.046968035,0.03548966,-0.046658907,-0.013117529,-0.007232245,0.008680813,-0.027332366,0.2027395,0.00061230175,0.046786197
"flux__fft_coefficient__attr_""abs""__coeff_13",-0.090398155,0.015133578,-0.03975015,0.10523994,-0.03890749,0.022859933,0.016253022,0.10013699,-0.028691072,-0.008251378,0.046562172
flux__lempel_ziv_complexity__bins_10,0.051081453,0.022756746,0.19745722,0.0679993,0.0028250949,-0.024846189,-0.01228143,-0.013659694,-0.005962366,0.0664039,0.046527337
flux__energy_ratio_by_chunks__num_segments_10__segment_focus_8,-0.055791736,0.13963869,-0.005698761,-0.03648439,0.093345426,0.007428942,0.06878372,-0.0049319817,0.030742057,0.02209796,0.046494365
"flux__fft_coefficient__attr_""imag""__coeff_10",0.0141072115,-0.03336281,0.021632465,-0.03369409,0.1028698,-0.09604808,0.048561867,-0.06859697,-0.04472004,0.00096116186,0.046455447
"flux__augmented_dickey_fuller__attr_""pvalue""__autolag_""AIC""",0.0003937621,0.047103386,0.06131276,0.0053385175,-0.10623739,-0.12862031,0.03590408,-0.051188063,-0.007313433,-0.02019286,0.046360455
"flux__fft_coefficient__attr_""abs""__coeff_48",-0.08829048,-0.05980004,0.02100186,0.003955726,0.009794552,-0.01323808,0.027679296,-0.083243854,-0.0766123,0.07985904,0.04634752
"flux__fft_coefficient__attr_""abs""__coeff_63",-0.082791634,-0.049605172,0.036704738,-0.04729937,-0.0072989743,-0.01140094,0.0075385734,-0.032725897,0.181662,-0.0060420823,0.046306938
"flux__fft_coefficient__attr_""abs""__coeff_8",-0.081698775,0.11760639,-0.03646407,0.057327475,0.019321445,0.03500921,-0.069258004,0.019280173,0.008776808,-0.017210592,0.04619529
"flux__fft_coefficient__attr_""abs""__coeff_41",-0.09497731,-0.0671677,0.010705389,0.02712131,0.011906349,-0.018386638,0.033043765,-0.0793994,-0.06113487,0.05666958,0.046051234
flux__ratio_beyond_r_sigma__r_6,-0.039642736,-0.06486298,-0.1339928,-0.0030694478,0.01983541,0.051895823,0.011986787,0.05575455,0.0120053645,-0.06746044,0.046050634
flux__lempel_ziv_complexity__bins_3,0.045097455,0.011137229,0.16694936,0.056377906,0.012420652,-0.022656104,-0.02004396,-0.010794159,-0.015104818,0.09952985,0.046011157
"flux__fft_coefficient__attr_""abs""__coeff_71",-0.09176587,-0.05363449,0.04359167,-0.060574993,-0.012256925,-0.0026030757,6.922109e-05,-0.015475386,0.11293436,-0.065225534,0.045813154
"flux__cwt_coefficients__coeff_6__w_2__widths_(2, 5, 10, 20)",0.0035316881,-0.03300664,0.016038422,-0.024443695,-0.094723575,0.08306326,0.066449285,0.032530732,0.032680284,0.07049706,0.045696463
"flux__fft_coefficient__attr_""imag""__coeff_22",0.020891542,0.020876074,0.018751908,-0.05554636,0.10688866,-0.09166504,-0.025208736,-0.06628322,-0.020602534,-0.029981475,0.045669552
"flux__fft_coefficient__attr_""abs""__coeff_18",-0.08827688,-0.004434014,-0.045900077,0.13547504,-0.0050264816,-0.030044219,-0.063384585,0.07604914,0.0016613301,-0.0057617193,0.04560135
"flux__fft_coefficient__attr_""imag""__coeff_20",0.017136313,0.012332986,0.022243038,-0.055705182,0.11860407,-0.10140318,-0.014732067,-0.060662407,-0.032798633,-0.019533437,0.045515127
"flux__fft_coefficient__attr_""abs""__coeff_99",-0.05789677,0.0031930297,0.043011103,-0.08267964,-0.0018582427,0.01668333,-0.06617441,0.036051776,-0.09168151,-0.055319577,0.04545494
"flux__fft_aggregated__aggtype_""skew""",0.038217142,-0.0248957,-0.12756638,-0.070635185,0.03755038,0.008323218,-0.030421391,-0.012106645,-0.008147247,0.09584429,0.04537076
"flux__linear_trend__attr_""intercept""",0.066100486,-0.13408591,0.01133941,0.019452736,-0.124117814,0.0055439426,-0.0750061,0.00045870832,-0.012492926,-0.005038852,0.04536369
flux__lempel_ziv_complexity__bins_100,0.034855038,0.046563335,0.2098638,0.08865049,-0.011705237,-0.013668539,0.010052744,-0.013732778,0.005640525,-0.016679239,0.045141175
"flux__fft_coefficient__attr_""abs""__coeff_60",-0.08925196,-0.055573065,0.033037752,-0.035765354,-0.012426658,-0.0037128401,0.015324612,-0.037903298,0.15918891,0.008175952,0.04503604
"flux__fft_coefficient__attr_""abs""__coeff_40",-0.096674636,-0.066084035,0.0034305311,0.047600873,0.008297016,-0.018205656,0.036557313,-0.061332293,-0.053999655,0.057599857,0.04497819
"flux__agg_linear_trend__attr_""rvalue""__chunk_len_50__f_agg_""mean""",-0.005740807,0.002218895,-0.002052565,-9.142891e-05,0.10445787,-0.09220255,0.08987018,0.100764185,0.007383075,-0.04459256,0.04493741
"flux__fft_coefficient__attr_""abs""__coeff_44",-0.09030732,-0.061922573,0.01463314,0.013543972,0.017598204,-0.014854765,0.023262555,-0.081627585,-0.081695035,0.049752083,0.04491972
"flux__fft_coefficient__attr_""abs""__coeff_85",-0.08816564,-0.033899445,0.053708665,-0.0874663,-0.0048881224,0.008350772,-0.041045368,0.016142366,-0.04097184,-0.073900566,0.044853907
flux__abs_energy,0.06910183,-0.14268236,0.012655036,0.01790405,-0.037938055,-0.06979389,-0.015191485,0.07056309,-0.0039639105,-0.007930012,0.044772375
"flux__fft_coefficient__attr_""abs""__coeff_20",-0.089700274,-0.0131891165,-0.044001583,0.1330743,-0.0025348184,-0.0302573,-0.06629915,0.059855293,0.006869781,-0.0018269152,0.04476085
"flux__fft_coefficient__attr_""abs""__coeff_72",-0.09348898,-0.05281824,0.04729749,-0.06561316,-0.012769753,-0.003219039,0.00081564067,-0.009356592,0.10458692,-0.056832667,0.044679847
"flux__fft_coefficient__attr_""imag""__coeff_68",0.005015682,0.02510517,0.023886364,-0.045200124,-0.017385699,-0.029334778,-0.03138126,0.05052603,0.18573064,0.03305846,0.044662423
"flux__agg_linear_trend__attr_""stderr""__chunk_len_50__f_agg_""max""",-0.05191564,0.09634671,0.014771603,-0.03215589,-0.029298903,-0.05367138,0.023401031,-0.006538064,0.05531333,0.0814587,0.044487126
"flux__fft_coefficient__attr_""abs""__coeff_51",-0.0890291,-0.05951719,0.022695113,-0.0021567757,0.0055442937,-0.016025737,0.030417154,-0.08483066,-0.035290074,0.09751658,0.044302266
"flux__fft_coefficient__attr_""abs""__coeff_92",-0.05363595,0.0127647,0.046026357,-0.085689716,0.0050654565,0.031120991,-0.039114244,0.051294707,-0.11389807,-0.0042453324,0.044285554
"flux__fft_coefficient__attr_""abs""__coeff_84",-0.0898105,-0.035637774,0.05468778,-0.08578784,-0.0033634985,0.005140571,-0.038107958,0.015431871,-0.034936346,-0.077643,0.044054713
"flux__fft_coefficient__attr_""abs""__coeff_15",-0.08910842,-0.002569166,-0.03968692,0.11355141,-0.038868126,0.012309983,0.01926547,0.10097779,-0.02107619,0.0006827055,0.043809615
"flux__fft_coefficient__attr_""abs""__coeff_5",-0.07342905,0.13495061,-0.014576801,-0.011026108,0.01997705,0.08705917,0.051288027,-0.017516403,-0.015093004,0.012015044,0.04369313
"flux__fft_coefficient__attr_""imag""__coeff_21",-0.019229963,-0.0061254883,-0.0087902,0.027677823,0.10208869,-0.09893599,-0.026634686,-0.015835742,-0.036057588,-0.09496885,0.0436345
flux__ratio_beyond_r_sigma__r_5,-0.041421082,-0.046210866,-0.14769952,-0.008755467,-0.0019532575,0.03400703,-0.0020100747,0.08377235,-0.00746095,-0.06239428,0.04356849
"flux__fft_coefficient__attr_""abs""__coeff_61",-0.08743239,-0.055536747,0.031937007,-0.032172818,-0.007313583,-0.012651715,0.014157466,-0.0401332,0.14760001,-0.0010637481,0.042999867
"flux__fft_coefficient__attr_""abs""__coeff_39",-0.09472946,-0.067491286,0.002274401,0.045170583,0.0067961416,-0.015928844,0.032459214,-0.061958306,-0.05406242,0.047749195,0.042861983
"flux__agg_linear_trend__attr_""intercept""__chunk_len_10__f_agg_""min""",0.09050315,-0.1075679,-0.012215621,0.025298005,-0.08495051,0.013121516,-0.037842155,-0.019660262,0.001865659,-0.03558018,0.042860497
"flux__fft_coefficient__attr_""abs""__coeff_73",-0.0916723,-0.049922362,0.048024967,-0.07088362,-0.0090697,-0.0054559405,-0.0018238323,-0.0077844225,0.07931026,-0.06460566,0.042855307
"flux__fft_coefficient__attr_""abs""__coeff_17",-0.092097715,-0.018855765,-0.038712975,0.115146175,-0.030751655,0.0035034907,0.019136298,0.08275879,-0.01886814,0.0072078845,0.04270389
"flux__fft_coefficient__attr_""abs""__coeff_79",-0.085432224,-0.03910856,0.053122364,-0.08204577,-0.0094647715,-0.01556778,-0.021636916,0.032795154,0.029626517,-0.05792185,0.04267219
"flux__fft_coefficient__attr_""abs""__coeff_59",-0.087330066,-0.054868236,0.03185622,-0.032484565,-0.0032993553,-0.01111767,0.01111369,-0.049913805,0.1293179,0.012396529,0.0423698
"flux__fft_coefficient__attr_""imag""__coeff_41",-0.03737253,-0.034955606,0.001048695,0.02850808,0.035737477,-0.021325434,0.034153868,-0.099292584,-0.08448506,0.046644244,0.042352356
"flux__fft_coefficient__attr_""abs""__coeff_19",-0.09195159,-0.026270978,-0.037055027,0.11400168,-0.029943839,0.0043802024,0.016719682,0.063738465,-0.021814732,0.016781703,0.04226579
"flux__fft_coefficient__attr_""abs""__coeff_23",-0.09288629,-0.041878555,-0.029312855,0.10502576,-0.026956445,6.634507e-05,0.024885254,0.038297232,-0.01249209,0.050073523,0.042187437
"flux__fft_coefficient__attr_""imag""__coeff_18",0.020847127,0.010470403,0.01919726,-0.05361992,0.09709431,-0.08212366,-0.012787643,-0.08656986,-0.034447677,0.0042522377,0.042141005
"flux__fft_coefficient__attr_""abs""__coeff_22",-0.09256954,-0.025551213,-0.03970365,0.12878251,-0.0012431798,-0.030381002,-0.040789824,0.037178922,0.0016431984,0.023540499,0.042138353
"flux__fft_coefficient__attr_""abs""__coeff_58",-0.0931767,-0.061670367,0.03223976,-0.028883986,-0.011170592,-0.0027630348,0.021074012,-0.043166645,0.11147991,0.015545791,0.04211708
"flux__agg_linear_trend__attr_""intercept""__chunk_len_10__f_agg_""var""",-0.088053994,0.0068229926,0.034561314,-0.039417785,0.03600795,-0.0021506487,-0.04875932,0.016579254,-0.077320404,0.070449546,0.042012323
"flux__fft_coefficient__attr_""imag""__coeff_23",-0.015990347,-0.01036064,-0.012309632,0.038024925,0.08627082,-0.087212525,-0.026391044,-0.030350156,-0.02979677,-0.08219885,0.041890573
"flux__fft_coefficient__attr_""abs""__coeff_83",-0.08648487,-0.037653096,0.05262542,-0.08538827,-0.005388767,0.0014001834,-0.033045772,0.017769251,-0.0155733405,-0.08263281,0.041796178
"flux__fft_coefficient__attr_""abs""__coeff_76",-0.089716226,-0.04194262,0.051413946,-0.07591409,-0.004021091,-0.024679093,-0.000135224,0.036078736,0.05650449,-0.03711667,0.041752215
"flux__fft_coefficient__attr_""abs""__coeff_82",-0.088059805,-0.04062328,0.051808346,-0.08441996,-0.0047396976,0.0017360847,-0.024970382,0.018979117,-0.0111168865,-0.09101939,0.041747294
"flux__fft_coefficient__attr_""abs""__coeff_50",-0.0903098,-0.0598279,0.023150964,-0.0030886617,0.002202975,-0.012872745,0.030982828,-0.07486381,-0.038713932,0.08129167,0.04173053
"flux__fft_coefficient__attr_""abs""__coeff_6",-0.07676805,0.13994607,-0.026788272,0.021991627,0.029831182,0.05434972,-0.03775787,-0.016660647,0.012369623,1.8077824e-05,0.041648116
"flux__fft_coefficient__attr_""abs""__coeff_21",-0.093259364,-0.03699541,-0.03182924,0.10701463,-0.026046308,-0.0005753346,0.022478772,0.051344506,-0.01715565,0.029319856,0.041601904
flux__lempel_ziv_complexity__bins_2,0.03738329,0.0059863483,0.14133155,0.048556365,0.021272069,-0.009068491,-0.023176976,-0.01126872,-0.015109218,0.101890065,0.041504305
"flux__fft_coefficient__attr_""abs""__coeff_81",-0.085601136,-0.03782155,0.05209677,-0.08207004,-0.008189774,-0.0059226523,-0.029104378,0.023885984,0.011944427,-0.07319865,0.040983535
"flux__fft_coefficient__attr_""abs""__coeff_78",-0.08508421,-0.040202342,0.049508184,-0.073968865,-0.009020843,-0.017130647,-0.008408249,0.033073265,0.041642465,-0.051666778,0.040970583
flux__ratio_beyond_r_sigma__r_2.5,-0.020334858,0.060318083,-0.10582744,-0.06244246,-0.02808625,-0.034341987,-0.0068111173,-0.0018529417,-0.03354883,0.055740196,0.040930413
"flux__fft_coefficient__attr_""imag""__coeff_9",-0.025913687,0.014631893,-0.018172257,0.04751864,0.09482401,-0.057138916,0.05569092,-0.015430511,-0.05324304,-0.026352668,0.040891655
"flux__fft_coefficient__attr_""abs""__coeff_77",-0.08326029,-0.041509714,0.049198404,-0.07167146,-0.008628246,-0.015690342,-0.009856111,0.019667627,0.054373704,-0.053477995,0.04073339
"flux__fft_coefficient__attr_""abs""__coeff_27",-0.0907763,-0.05365597,-0.020237908,0.089283474,-0.020107362,-0.0033018964,0.04192729,-0.0016210756,-0.008010233,0.07466604,0.040358752
"flux__fft_coefficient__attr_""imag""__coeff_24",0.013899359,0.0064606206,0.019021671,-0.04812233,0.0943237,-0.08710456,-0.017462822,-0.07885234,-0.025224824,0.012347682,0.040281992
flux__percentage_of_reoccurring_values_to_all_values,0.03597672,-0.035627495,-0.022045054,-0.010565517,0.10997829,0.10393192,-0.028298523,0.0023908007,0.018358408,0.035172954,0.040234573
flux__ratio_beyond_r_sigma__r_3,-0.036115836,0.047385324,-0.13813645,-0.060869735,-0.028461056,-0.015522672,-0.0075333463,0.023450939,-0.033661723,0.009856744,0.04009938
"flux__fft_coefficient__attr_""abs""__coeff_25",-0.09012087,-0.049203094,-0.024546275,0.09536082,-0.022509925,-0.0037591485,0.033213794,0.007888876,-0.0075983037,0.06503085,0.0399232
flux__ar_coefficient__coeff_2__k_10,0.04392914,0.10221192,0.03615812,-0.004374689,-0.05005144,-0.04009157,-0.026813002,0.05395554,-0.03899058,-0.0006489388,0.039722495
"flux__fft_coefficient__attr_""abs""__coeff_38",-0.094702944,-0.06799283,-9.400331e-05,0.050604634,0.0074379398,-0.01723379,0.03481319,-0.051752552,-0.035571855,0.035402622,0.039560635
"flux__fft_coefficient__attr_""abs""__coeff_75",-0.089557536,-0.04451901,0.050696217,-0.07409517,-0.0049155117,-0.017626539,0.0006576375,0.01564369,0.058359843,-0.039432403,0.039550357
"flux__fft_coefficient__attr_""abs""__coeff_74",-0.08858739,-0.044288248,0.047849853,-0.06856,-0.012364394,-0.0028251961,-0.002505107,0.0014270837,0.06916866,-0.05661793,0.039419383
"flux__fft_coefficient__attr_""abs""__coeff_24",-0.09229569,-0.03372773,-0.0330092,0.11528455,-0.002330243,-0.027502203,-0.027989997,0.026573438,0.001018609,0.03437166,0.039410334
"flux__fft_coefficient__attr_""abs""__coeff_57",-0.09118748,-0.057496272,0.0294764,-0.027034028,-0.0030503992,-0.009012227,0.018451883,-0.04750902,0.08779015,0.022684846,0.03936927
"flux__fft_coefficient__attr_""imag""__coeff_6",0.021865502,-0.049210284,0.019731611,-0.037167203,0.064690106,-0.07807169,0.030266285,-0.033372447,0.00080194185,-0.057680264,0.039285738
"flux__fft_coefficient__attr_""abs""__coeff_30",-0.094263814,-0.057450596,-0.024055723,0.1007032,-0.00892156,-0.016383024,0.022122396,-0.0125057995,0.0029208066,0.053185623,0.039251253
"flux__fft_coefficient__attr_""abs""__coeff_55",-0.09303004,-0.062038563,0.02784661,-0.017366817,-0.0030398758,-0.009190733,0.022732213,-0.061154004,0.045703232,0.050108153,0.039221026
"flux__fft_coefficient__attr_""abs""__coeff_37",-0.09376714,-0.06835404,-0.001294299,0.054411102,-0.0016628245,-0.01350513,0.034518737,-0.046565916,-0.031267025,0.04538631,0.03907325
"flux__fft_coefficient__attr_""imag""__coeff_15",-0.024374833,-0.0061133164,-0.011945583,0.04253884,0.096919745,-0.09736,0.004331287,-0.022516929,-0.047294915,-0.035148665,0.038854413
"flux__fft_coefficient__attr_""abs""__coeff_52",-0.09306554,-0.06059612,0.025409818,-0.007899127,0.0014841835,-0.00811166,0.030085836,-0.067353524,-0.017529504,0.07679891,0.03883342
"flux__fft_coefficient__attr_""abs""__coeff_56",-0.0910654,-0.06002539,0.03113804,-0.023632752,-0.010637604,-0.004377772,0.024852881,-0.03867302,0.061071504,0.040446185,0.038592055
"flux__fft_coefficient__attr_""imag""__coeff_13",-0.009273616,0.007887435,-0.010866139,0.017223662,0.11043917,-0.09777359,0.002724504,-0.029924655,-0.031780016,-0.067811824,0.038570456
"flux__augmented_dickey_fuller__attr_""usedlag""__autolag_""AIC""",-0.016037898,0.035083685,-0.037424684,-0.023265662,-0.0977584,-0.090828866,0.0074121747,0.008450784,-0.032625325,0.03670036,0.03855878
"flux__fft_coefficient__attr_""imag""__coeff_11",-0.015473315,0.0047894735,-0.0058882977,0.012441742,0.099345684,-0.082357116,0.027573785,-0.055808555,-0.04887008,-0.032421917,0.038496997
"flux__agg_linear_trend__attr_""stderr""__chunk_len_10__f_agg_""var""",-0.09452993,-0.0060169236,0.027333118,-0.020418406,0.0070221717,0.021740844,-0.05101776,0.021258535,-0.06767148,0.06785302,0.03848622
"flux__fft_coefficient__attr_""abs""__coeff_26",-0.09199964,-0.040554754,-0.02805296,0.108682185,-0.0056087486,-0.026183577,-0.006050482,0.015751308,0.0028461055,0.058520198,0.03842499
"flux__fft_coefficient__attr_""abs""__coeff_35",-0.092237316,-0.067277,-0.006777232,0.067974254,-0.008793837,-0.010571461,0.04050053,-0.027841233,-0.016926901,0.045305207,0.0384205
"flux__fft_coefficient__attr_""abs""__coeff_29",-0.09240716,-0.057422306,-0.01993094,0.087682664,-0.0148847755,-0.005051125,0.037917003,-0.003696433,-0.0067520165,0.053230036,0.03789745
"flux__fft_coefficient__attr_""abs""__coeff_80",-0.085353054,-0.039431084,0.04816653,-0.07361175,-0.00880862,-0.001924521,-0.01839787,0.018328499,0.009356522,-0.07422826,0.037760668
"flux__fft_coefficient__attr_""abs""__coeff_53",-0.08310347,-0.055592142,0.024708152,-0.007412349,-0.0017031006,-0.009983038,0.029430632,-0.07388598,0.005012574,0.08480963,0.037564106
"flux__fft_coefficient__attr_""abs""__coeff_68",-0.061804473,-0.032296475,0.035094403,-0.045441575,-0.0155429505,-0.013651197,-0.002112246,0.0003892589,0.15670095,-0.010602341,0.03736359
"flux__agg_linear_trend__attr_""rvalue""__chunk_len_10__f_agg_""min""",-0.0019195148,0.0011017373,-0.011137125,-0.007773841,0.08905575,-0.07155133,0.07082471,0.091360286,0.006994151,-0.020520316,0.03722388
"flux__fft_coefficient__attr_""imag""__coeff_72",0.00514908,0.022854315,0.022592267,-0.035578,-0.031071771,-0.015598929,-0.029704679,0.048906792,0.13723296,0.021397924,0.03700867
"flux__fft_coefficient__attr_""imag""__coeff_17",-0.010939258,-0.0036924067,-0.014560015,0.04019272,0.08344532,-0.09242356,-0.004456741,-0.052968536,-0.052408576,-0.013895384,0.03689825
"flux__fft_coefficient__attr_""abs""__coeff_32",-0.09531257,-0.062456038,-0.018696167,0.091761366,-0.0022333912,-0.016629092,0.02951595,-0.01609915,0.00037084782,0.03573027,0.036880486
"flux__fft_coefficient__attr_""imag""__coeff_39",-0.046278555,-0.044317886,0.008217443,0.01747947,0.031611588,-0.027739199,0.017560702,-0.09407405,-0.05957608,0.019912,0.036676697
"flux__fft_coefficient__attr_""abs""__coeff_36",-0.093960464,-0.061842088,-0.0072502047,0.063931085,0.0028434542,-0.021038378,0.025761737,-0.033355877,-0.021330027,0.03269753,0.03640108
"flux__fft_coefficient__attr_""imag""__coeff_29",-0.023877282,-0.01698256,-0.012861321,0.042592723,0.051672857,-0.051559646,-0.038706675,-0.029803455,-0.01776783,-0.077815086,0.03636394
"flux__fft_coefficient__attr_""imag""__coeff_58",0.015349076,0.031150583,0.016195755,-0.044880614,-0.008572811,-0.012178993,-0.045858312,0.025172478,0.15539512,0.0077339225,0.036248766
"flux__fft_coefficient__attr_""imag""__coeff_31",-0.024417955,-0.013197913,-0.005754537,0.026862375,0.06849218,-0.05872121,-0.03783082,-0.03371506,-0.026956448,-0.06618675,0.036213525
"flux__fft_coefficient__attr_""abs""__coeff_33",-0.094448,-0.065339886,-0.01352588,0.076315664,-0.0144227315,-0.007910017,0.03689004,-0.014934169,-0.0017133991,0.035135467,0.03606353
"flux__fft_aggregated__aggtype_""kurtosis""",0.015044761,-0.019244082,-0.11217059,-0.06563928,0.028007302,0.010621843,-0.027542468,0.0013782184,-0.0015042524,0.078263864,0.035941668
"flux__fft_coefficient__attr_""abs""__coeff_31",-0.09394174,-0.062943585,-0.01741407,0.08101197,-0.017672412,-0.0066869855,0.03352912,-0.005971711,-0.0017240188,0.038498797,0.03593944
"flux__fft_coefficient__attr_""abs""__coeff_28",-0.09274266,-0.048771758,-0.023230026,0.097393535,-0.0050958837,-0.024344059,0.0042130654,-0.001973445,0.009444919,0.051945604,0.035915494
"flux__fft_coefficient__attr_""abs""__coeff_54",-0.090074316,-0.05948582,0.0264071,-0.015843822,-0.0027450481,-0.007274424,0.032395303,-0.050397124,0.01598562,0.058542915,0.035915148
"flux__fft_coefficient__attr_""imag""__coeff_38",0.037505973,0.034632422,-0.0009519092,-0.0211006,0.01582781,-0.024443151,-0.07211363,0.03909558,0.05995092,-0.051902983,0.035752498
"flux__linear_trend__attr_""pvalue""",-0.010066588,0.003847704,-0.054187566,-0.057207324,0.05832049,0.09480332,-0.021660572,0.019195378,0.0014529481,0.03338484,0.035412673
flux__ar_coefficient__coeff_3__k_10,-0.034389064,-0.030342134,0.025193559,-0.02494882,-0.023200398,-0.0064866724,0.041236997,-0.068203405,0.013041758,-0.08706004,0.03541028
flux__symmetry_looking__r_0.05,0.026096195,-0.100609,-0.010723555,0.020688748,0.037618205,0.024576368,-0.016492812,0.08432582,0.006254669,0.01942514,0.034681052
"flux__fft_coefficient__attr_""abs""__coeff_34",-0.09308275,-0.06329765,-0.012105186,0.07410439,0.0033525317,-0.020483295,0.02425374,-0.023757648,-0.009483485,0.021631045,0.034555174
flux__quantile__q_0.4,0.029637802,-0.08965815,-0.0076722815,-0.0125470385,0.02024904,0.03987981,-0.04965338,0.023395302,-0.041181408,-0.030367367,0.034424163
flux__count_above_mean,-0.0501671,0.01560518,0.009682232,0.03624524,-0.030675538,0.01967937,0.04180455,0.00089080544,-0.0070102573,-0.13196278,0.034372307
"flux__fft_coefficient__attr_""imag""__coeff_49",-0.030632796,-0.033593133,0.0038577674,0.018398542,0.020640282,-0.0025052084,0.03454523,-0.09620746,-0.054285675,0.045372635,0.034003876
flux__skewness,0.055013772,0.019236667,0.02640293,-0.012327179,0.04029952,-0.0005505311,-0.044559754,0.0052971314,7.533024e-05,0.13459241,0.033835523
flux__energy_ratio_by_chunks__num_segments_10__segment_focus_6,-0.062374976,0.12817276,-0.013850066,-0.0053202696,0.066616446,0.012884351,0.0034086572,-0.0038069938,0.02931927,0.01098907,0.03367429
"flux__fft_coefficient__attr_""imag""__coeff_81",-0.019792898,-0.030397642,-0.013116218,0.033266414,0.044599455,0.0060843406,0.036564853,-0.10287987,-0.04445698,0.004903217,0.03360619
"flux__fft_coefficient__attr_""imag""__coeff_8",0.013698492,-0.034749106,0.007407289,-0.0070930305,0.08208604,-0.083616346,0.05469691,-0.004281596,-0.029530907,-0.017713362,0.033487312
"flux__fft_coefficient__attr_""imag""__coeff_52",0.028135391,0.043224014,0.0050547547,-0.030894715,0.0016369637,-0.00767981,-0.05701909,0.061524145,0.049311653,-0.045340266,0.032982085
"flux__change_quantiles__f_agg_""mean""__isabs_True__qh_0.2__ql_0.0",-0.09011462,0.04190272,-0.0030918908,0.04154191,-0.020871183,0.036841273,-0.007946842,0.045217752,-0.028196253,0.009799548,0.0325524
"flux__fft_coefficient__attr_""imag""__coeff_77",-0.019520164,-0.032455694,-0.014449742,0.030667434,0.032641746,0.0106994705,0.017154163,-0.087839216,-0.059509102,-0.015580875,0.03205176
"flux__fft_coefficient__attr_""imag""__coeff_4",0.026223283,-0.04136739,0.013240091,-0.025364863,0.0411658,-0.0584323,0.036390524,-0.01417476,-0.0251996,-0.032379188,0.031393778
flux__has_duplicate,0.026274163,-0.082479596,-5.3992928e-05,-0.02523941,0.047730044,0.04374962,-0.020475127,0.028228998,-0.02409296,-0.009033289,0.030735722
flux__minimum,0.10817631,-0.0774343,0.0129972035,-0.01493039,-0.015770108,-0.053646453,-0.004049745,0.012930106,0.003478934,-0.003252379,0.030666595
flux__large_standard_deviation__r_0.05,-0.0056687053,0.018039202,0.07102502,0.04426433,-0.04573615,-0.045499485,0.020289013,-0.012171822,-0.020869633,-0.019797724,0.030336108
"flux__agg_linear_trend__attr_""intercept""__chunk_len_50__f_agg_""min""",0.10556508,-0.072523795,0.009683737,-0.027287282,-0.062427968,0.009074092,0.0051253787,-0.0052589,0.00057236943,-0.004978462,0.030249706
"flux__agg_autocorrelation__f_agg_""var""__maxlag_40",-0.008365578,0.029498307,-0.0022348086,0.011667501,-0.06284459,-0.06649227,-0.0064765336,0.03413086,-0.029973162,0.049984448,0.030166805
"flux__fft_coefficient__attr_""angle""__coeff_16",0.011126874,-0.008716078,0.017286867,-0.029126363,0.03359456,-0.032665342,-0.023875363,-0.046237648,-0.023234576,0.07272815,0.029859181
"flux__fft_coefficient__attr_""angle""__coeff_12",0.014520044,-0.016654568,0.02315626,-0.028131105,0.04155579,-0.035554525,-0.016763274,-0.03631533,-0.013366808,0.06074813,0.02867658
"flux__fft_coefficient__attr_""imag""__coeff_93",-0.008748668,-0.0153661175,-0.018137878,0.034680657,0.019914716,0.0029602926,0.0171068,-0.07658246,0.06065769,-0.03158314,0.02857384
"flux__fft_coefficient__attr_""imag""__coeff_7",-0.019583596,0.026986914,-0.009352164,0.0067908056,0.06895754,-0.043371126,0.045537263,-0.01307265,-0.001164552,-0.049565814,0.028438244
"flux__fft_coefficient__attr_""angle""__coeff_18",0.013430337,-0.0050984994,0.015282075,-0.02660945,0.034888986,-0.03779703,-0.019734344,-0.039636485,-0.01410503,0.07732662,0.028390884
"flux__fft_coefficient__attr_""imag""__coeff_88",0.018173119,0.02057171,0.009256529,-0.019205809,-0.029141689,-0.021350756,-0.05354918,0.078354046,-0.013326257,0.02054431,0.02834734
"flux__fft_coefficient__attr_""angle""__coeff_10",0.013203855,-0.026817001,0.017780289,-0.02264096,0.050651137,-0.029613977,-0.015099836,-0.023297029,-0.0071203685,0.0704916,0.027671605
"flux__fft_coefficient__attr_""angle""__coeff_20",0.011142754,-0.0053140465,0.019196667,-0.030093614,0.03425184,-0.03609493,-0.019862192,-0.031583194,-0.014046413,0.07495913,0.027654478
"flux__fft_coefficient__attr_""imag""__coeff_5",-0.010304792,0.026107272,-0.0012061634,-0.017126018,0.05611637,-0.021081446,0.035442874,-0.06579468,0.0014644235,-0.038287416,0.027293146
"flux__fft_coefficient__attr_""imag""__coeff_37",-0.037917867,-0.028465938,0.0031715464,0.022042513,0.018581668,-0.025369389,-8.5793574e-05,-0.0617806,-0.052439462,0.019824965,0.026967976
flux__ar_coefficient__coeff_4__k_10,0.024527514,0.035663385,0.046901923,0.0018755489,-0.027405053,-0.037049603,0.014854123,0.014557798,-0.03408004,0.030421305,0.026733631
"flux__fft_coefficient__attr_""angle""__coeff_24",0.01402166,-0.0012865013,0.01970966,-0.02519797,0.03264019,-0.034411263,-0.024673311,-0.032205682,-0.01680687,0.06279079,0.02637439
"flux__fft_coefficient__attr_""angle""__coeff_22",0.011749128,-0.0003581376,0.017552316,-0.027758507,0.03231312,-0.037802134,-0.019789146,-0.026561433,-0.018638575,0.06523499,0.02577575
"flux__fft_coefficient__attr_""angle""__coeff_8",0.015169856,-0.02870227,0.012768319,-0.016943922,0.040542457,-0.034958165,-0.0139246965,-0.02193993,-0.013850433,0.05807813,0.02568782
"flux__fft_coefficient__attr_""angle""__coeff_6",0.015030595,-0.03306042,0.008926048,-0.017544601,0.04651182,-0.034789335,-0.015588674,-0.014583289,-0.013365499,0.055383828,0.025478411
"flux__fft_coefficient__attr_""imag""__coeff_3",-0.00897475,0.032461725,-0.014516041,0.011683842,0.06767121,-0.009616925,0.042845804,-0.010414677,-0.01291629,-0.041084863,0.025218612
flux__median,-0.013585429,0.05205009,-0.009803709,-0.0028136135,0.01027928,0.014641651,-0.046173632,-0.04566843,0.028978499,0.02571717,0.024971152
"flux__fft_coefficient__attr_""imag""__coeff_84",0.02265502,0.021791672,0.0009594689,-0.010168218,-0.031295776,-0.01123872,-0.015398434,0.09774661,0.034116637,5.4272637e-06,0.024537597
"flux__fft_coefficient__attr_""angle""__coeff_4",0.017953811,-0.028839953,0.010115159,-0.012782321,0.049212065,-0.031005507,-0.008899889,-0.005527157,-0.012513672,0.046928182,0.02237777
"flux__fft_coefficient__attr_""angle""__coeff_34",0.012816264,0.009053755,0.015566414,-0.016898619,0.012936186,-0.029116113,-0.020206274,-0.017194195,-0.014127975,0.07003189,0.021794766
"flux__change_quantiles__f_agg_""var""__isabs_True__qh_0.2__ql_0.0",-0.058698773,-0.028335078,0.02109037,-0.01728614,0.004899886,0.023988023,-0.004222421,-0.0122615965,-0.02539915,0.020191496,0.021637294
"flux__fft_coefficient__attr_""real""__coeff_92",0.007825424,0.00432011,0.0132474005,-0.01980556,-0.013962631,-0.020913696,-0.026857562,0.03896946,-0.052024547,0.012883592,0.021080997
flux__ar_coefficient__coeff_5__k_10,-0.015537841,-0.012940828,0.036326583,-0.0055513335,-0.022155952,-0.011536474,-0.0068311873,-0.0026623488,-0.03010836,-0.06300393,0.020665482
"flux__change_quantiles__f_agg_""var""__isabs_False__qh_0.2__ql_0.0",-0.05917232,-0.011667531,0.017567942,-0.009655038,-5.1891366e-05,0.033335704,-0.005809835,0.0045381524,-0.0386428,0.023866257,0.020430746
"flux__fft_coefficient__attr_""angle""__coeff_38",0.013188871,0.013274769,0.01455506,-0.01556701,0.008749995,-0.02185366,-0.029863745,-0.0047248886,0.0020194922,0.05289411,0.01766916
"flux__change_quantiles__f_agg_""mean""__isabs_False__qh_0.8__ql_0.6",0.0044860984,-0.015450557,0.0073615685,-0.0019729827,-0.01370537,-0.037794195,-0.015957901,0.016318677,0.053719305,-0.004376212,0.017114287
"flux__fft_coefficient__attr_""angle""__coeff_88",0.008671416,0.018924206,0.0021355192,-0.0009819638,-0.0016608025,-0.016746543,-0.017182976,0.023739135,-0.0143088065,0.045822877,0.015017425
"flux__fft_coefficient__attr_""angle""__coeff_72",0.008991468,0.016005952,0.013320201,-0.001604705,-0.008710778,0.00011992711,-0.023207132,0.022676496,0.0082262885,0.042249713,0.014511267
flux__partial_autocorrelation__lag_2,0.00935853,-0.015652768,0.01613263,-0.0058865137,-0.023031848,-0.033137597,-0.01262395,0.010679862,-0.007397695,-0.010733611,0.014463499
flux__partial_autocorrelation__lag_6,0.010151658,0.0070258826,0.0042853924,-0.019303301,0.02795896,-0.017174711,-0.008499028,0.0011642276,-0.008589959,-0.025532147,0.012968527
flux__partial_autocorrelation__lag_3,0.001767798,-0.021511598,0.02370727,-0.016766477,-0.014255689,-0.0190102,-0.013535023,-0.009547434,0.0073946533,-0.0006801321,0.012817627
flux__partial_autocorrelation__lag_5,0.0054169856,-0.012373638,0.016026441,-0.009116695,-0.0044166315,-0.012071231,-0.031260718,0.000501648,-0.004051851,-0.0106997285,0.010593557
flux__ar_coefficient__coeff_7__k_10,-0.002949247,-0.0029807165,0.02175648,0.008691041,-0.014515435,-0.0139420945,0.0076718195,0.0028770631,-0.0035707871,-0.019481694,0.009843638
flux__partial_autocorrelation__lag_7,-0.006509807,-0.015963197,0.009602921,0.009113102,-0.014037211,-0.00015515549,-0.0050323023,-0.0042547546,0.007793836,0.0061173616,0.007857964
flux__ar_coefficient__coeff_6__k_10,0.008124048,0.0015363721,0.022136392,-0.0043806764,-0.0029109009,-0.015313642,-0.0060822326,0.0027865793,-0.003613084,-0.006441011,0.007332494
flux__partial_autocorrelation__lag_8,0.00440844,-0.0109070465,0.0044895364,0.0031004455,0.007750936,-0.0025081357,-0.011470981,0.016037645,-0.008355272,0.0028809793,0.0071909414
flux__partial_autocorrelation__lag_4,-0.00084642007,0.0013054531,0.00482896,0.008625318,-0.0054644174,0.0010597182,0.01615905,-0.0048900326,-0.006605331,0.0066797268,0.0056464425
flux__ar_coefficient__coeff_10__k_10,0.000406296,0.0044379374,0.011085916,0.009271151,-0.006409751,-0.003451491,0.0022484937,0.0016431541,-0.00661018,-0.0027001286,0.00482645
flux__ar_coefficient__coeff_8__k_10,0.0026106485,-0.0004049837,0.011845482,0.003357215,-0.0022754236,-0.008807787,-0.0007419494,-0.0028628467,-0.00046924912,-0.010036251,0.0043411837
